name,brand,region,website,description,source,updated_at
Charly US,,,us.charly.com,"Charly Mexico official online store: the Mexican brand offers sportswear, sneakers and footwear for men, women and children. Discover the Liga MX soccer jerseys and t-shirt collection. Show your passi",DuckDuckGo,2026-04-12
"charlie! (USA) Lyrics, Songs, and Albums",,,genius.com,"CharlieFrederick, mostly known as shoutoutcharlie orcharlie!, is a 19-year-old underground rapper and hip-hop artist from Austin, Texas, most known for his song, ""Lettuce"" which",DuckDuckGo,2026-04-12
Official Charlie Bears US,,,charliebears.com,"Welcome to the enchanted world ofCharlieBears Lovingly made by hand, each bear has their own unique characteristics and that is why onlyCharlieBears are known as the bears with personalities. About Us",DuckDuckGo,2026-04-12
charlie! (USA),,,genius.com,"""Lettuce"" was first teased January 27, 2025, in a post made bycharlieon his Instagram account, showing him pose next to a Valero gas pump. The next time it was teased was through",DuckDuckGo,2026-04-12
charlie! (USA) Songs,,,genius.com,"charlie! (USA) has 110 songs with the most popular being Lettuce, Top Shelf and Tony Tony.",DuckDuckGo,2026-04-12
charlie! (USA) Albums and Discography,,,genius.com,See all ofcharlie! (USA)'salbums on Genius.,DuckDuckGo,2026-04-12
Manhunt for shooter continues after Charlie Kirk killed in 'political ...,,,abcnews.com,"CharlieKirk, the founder of the conservative youth activist organization Turning PointUSA, has died after he was shot during an event at Utah Valley University on Wednesday, President Donald Trump sai",DuckDuckGo,2026-04-12
Charlie Kirk's family: What we know about Erika Frantzve and children,,,newsweek.com,"Kirk, 31, was fatally shot during an appearance at a Utah college Wednesday. Here's what to know about the influential young conservative.",DuckDuckGo,2026-04-12
Charlie Kirk assassination witnesses describe minimal security ...,,,foxnews.com,"CharlieKirk, founder of Turning PointUSA, was fatally shot during an event at Utah Valley University as witnesses describe minimal security measures.",DuckDuckGo,2026-04-12
"Charlie Kirk funeral: Live updates, photos from Trump, Vance tributes ...",,,nypost.com,"Follow live updates fromCharlieKirk's funeral Sunday at State Farm Stadium in Glendale, AZ, where President Trump, Kirk's widow, Erika, and others will honor the slain MAGA activist.",DuckDuckGo,2026-04-12
Charlie Kirk's funeral service: What we know so far,,,usatoday.com,President Donald Trump said he plans to attendCharlieKirk's funeral service. Here's what to know so far.,DuckDuckGo,2026-04-12
Daily Mail accused of 'malfeasance' over Charlie Kirk bullet coverage ...,,,foxnews.com,"The Daily Mail is accused of malfeasance over its misleadingCharlieKirk murder case bullet headline, which went viral with 23.5 million views on X.",DuckDuckGo,2026-04-12
"Charlie Kirk, a prominent conservative activist and Trump ally, dies ...",,,cnn.com,"CharlieKirk, the conservative political activist and co-founder of Turning PointUSA, was killed Wednesday after being shot at an event at Utah Valley University, President Donald Trump wrote on ...",DuckDuckGo,2026-04-12
Where to watch Charlie Kirk's memorial on TV and livestream,,,usatoday.com,"A memorial service to honor conservative activistCharlieKirk will be held in Glendale, Arizona on Sept. 21. Here's how to watch on TV and streaming.",DuckDuckGo,2026-04-12
"When is Charlie Kirk's memorial service? Date, location, speakers",,,usatoday.com,"CharlieKirk's memorial service in Glendale, Arizona is slated for Sunday, Sept. 21. Here's everything we know so far, including how to attend.",DuckDuckGo,2026-04-12
"Charlie Kirk memorial service start time, speakers, where to watch",,,usatoday.com,"A public memorial service for the conservative activistCharlieKirk is set for Sept. 21, with President Donald Trump scheduled to attend.",DuckDuckGo,2026-04-12
"'Charlie's Angels' stars reunite, but still miss Farrah Fawcett",,,usatoday.com,"LOS ANGELES — Three original ""Charlie'sAngels"" stars — Kate Jackson, Jaclyn Smith, and Cheryl Ladd — reunited Monday, April 6, for the PaleyFest 50th anniversary celebration of the TV ...",DuckDuckGo,2026-04-12
Charlie Kirk memorial speaker list released by Turning Point USA,,,usatoday.com,Turning PointUSAannounced a list of speakers set to make an appearance atCharlieKirk's memorial service on Sept. 21.,DuckDuckGo,2026-04-12
'Charlie's Angels' Reunion's Most Endearing & Shocking Revelations,,,remindmagazine.com,"On Monday, April 6, 2026, fans packed the Dolby Theater in Hollywood, California, to celebrate their favorite TV show,Charlie'sAngels, the show that broke the glass ceiling for women on TV and stood a",DuckDuckGo,2026-04-12
"Charlie Kirk shooting timeline: Panic on campus, two",,,independent.co.uk,"CharlieKirk had just kicked off Turning PointUSA'sfall tour, debating with college students at campuses across the country, when 20 minutes into the Utah event, the right-wing activist was ...",DuckDuckGo,2026-04-12
"Oat Bars, Baked Goods & Healthy Snacks",,,eatbobos.com,"Bobo'sOat Bars, Bites, Stuff'd Bars and Toaster Pastries are Gluten Free, Vegan, Certified Non-GMO, and made from 100% whole grain oats.Bobo'sfeeds you like family with delicious homemade baked goods,",DuckDuckGo,2026-04-12
"Bobo's Oat Bars, Oat Bites, PB&Js",,,eatbobos.com,"ExploreBobo'swholesome gluten-free snacks, including oat bars, bites, and PB&Js, perfect for home or on-the-go enjoyment for the whole family.",DuckDuckGo,2026-04-12
How the Bobo's Brand Started,,,eatbobos.com,Bobo'sstory is a heartwarming mother-daughter tale. Read theBobo'sbrand story of how mom Beryl and daughterBobo'srainy day baking changed their lives.,DuckDuckGo,2026-04-12
Bobo's Cafe,,,boboscafe.net,"LetBoBo'sCafe cater your next event with all the some of our signature dishes and drinks, including breakfast, lunch, and individual meal boxes. Whether it's a small office gathering or a large celebr",DuckDuckGo,2026-04-12
Bobo's CEO On Building A $100 Million Legacy Bakery Business,,,forbes.com,"The former general manager of Boulder Brands has a bigger vision forBobo's: creating a multi-generational, durable brand centered around oats.",DuckDuckGo,2026-04-12
"BOBO USA, INCORPORATED",,,commerceflorida.com,"BOBOUSA, INCORPORATED is a Florida Profit Corporation from MIAMI in Florida, United States. The company is ACTIVE.BOBOUSA, INCORPORATED has the Florida company number P13000038605 and the FeiEin numbe",DuckDuckGo,2026-04-12
"BOBO USA, INCORPORATED. MIAMI, FL",,,bisprofiles.com,"BOBOUSA, INCORPORATED is an Active company incorporated on April 28, 2013 with the registered number P13000038605. This Domestic for Profit company is located at 1806 SW 2 Ct, MIAMI, FL, 33129, US and",DuckDuckGo,2026-04-12
Bobo's,,,walmart.com,"Shop forBobo's. Buy products such asBobosBlueberry Fig Bar, 5 Pack of 1.5oz bars,BobosOriginal Fig Bar, 5 Pack of 1.5oz bars at Walmart and save.",DuckDuckGo,2026-04-12
Bobo's PB&Js Strawberry Oat Bars,,,target.com,"Read reviews and buyBobo'sPB&Js Strawberry Oat Bars - 8.4oz/4ct at Target. Choose from contactless Same Day Delivery, Drive Up and more.",DuckDuckGo,2026-04-12
Bobo_ Setlist at Kilby Block Party 2024,,,setlist.fm,"Get theBobo_ Setlist of the concert at Utah State Fairpark (Desert Stage), Salt Lake City, UT,USAon May 10, 2024 and otherBobo_ Setlists for free on setlist.fm!",DuckDuckGo,2026-04-12
Watch: Jake Bobo's absurd TD catch gives Seahawks lead ...,,,yardbarker.com,"Seattle Seahawks rookie JakeBobomade an insane touchdown catch against the Arizona Cardinals on Sunday, one which stood up on review.",DuckDuckGo,2026-04-12
Liam Coen reveals why Jaguars pursued Jake Bobo,,,msn.com,Why did the Jacksonville Jaguars take a look at Seattle Seahawks wide receiver JakeBobo?,DuckDuckGo,2026-04-12
Seahawks fans get good free agency news on Jake Bobo,,,msn.com,"Wide receiver JakeBobomay be an unrestricted free agent, but the Seattle Seahawks' front office have created a way for them to re-sign back on a team-friendly deal.",DuckDuckGo,2026-04-12
"Seahawks match Jaguars' offer sheet for Jake Bobo, keep WR on 2 ...",,,msn.com,"Feb 8, 2026; Santa Clara, CA,USA; Seattle Seahawks wide receiver JakeBobo(19) celebrates with Jaxon Smith-Njigba (11) against the New England Patriots during Super Bowl LX at Levi's Stadium ...",DuckDuckGo,2026-04-12
"UW football star CB Tacario Davis explains his nickname ""Bobo""",,,uwhuskieswire.usatoday.com,"Everybody calls meBobo."" Ranked as the top cornerback in the transfer portal,Bobowas Washington's biggest addition of college football's free agency period and is expected to be an integral piece of d",DuckDuckGo,2026-04-12
Store Locator,,,eatbobos.com,FindBobo'sdeliciousness at a retailer near you! Where to Buy In-Store and Online | Store Locator for CPG brands,DuckDuckGo,2026-04-12
Buy Original Oatmeal Bars,,,eatbobos.com,"OurBobo'soriginal oat bar is simple yet scrumptious. ThisBobo'sbar is where it all started and the gooey, oat texture is still a fan-favorite today.",DuckDuckGo,2026-04-12
Bobo wireless,,,bobowireless.com,"We're thrilled that you're interested in staying up-to-date with all the latest news, updates, and offers from our website. By subscribing to our newsletter.",DuckDuckGo,2026-04-12
Shop Bobo Choses Online,,,nordstrom.com,Find the latest selection ofBoboChoses in-store or online at Nordstrom. Shipping is always free and returns are accepted at any location. In-store pickup and alterations services available.,DuckDuckGo,2026-04-12
Bobo Choses,,,bobochoses.com,Bobochoses online store. Discover our sustainable and organic selection of childrens clothes. From 0 to 12 years including a woman collection.,DuckDuckGo,2026-04-12
